{"_timestamp":1.7569031483214953e+09,"_runtime":8.939748,"_step":4,"_wandb":{"runtime":606},"step":4,"accuracy":0.88,"loss":0.3}